[
    {
      "agent_name": "Sample Text",
      "Description": "Sample Text",
      "One Line Summary": "Sample Text",
      "Creation Date": "2025-08-19T12:37:15.024Z",
      "ChatGPT Access URL": "https://nocodb.com",
      "Utility Estimate": 1,
      "Test Entry": true,
      "JSON Schema (Full)": "{}",
      "JSON Schema (Example Value)": "{}",
      "Better As Tool": true,
      "Is Agent": true,
      "Single Turn (Workflow Type)": true,
      "External Tooling (Required)": true,
      "Structured Output (Workflow Type)": true,
      "Image Generation (Workflow Type)": true,
      "Character (Type)": true,
      "Roleplay (Behavior)": true,
      "Voice First": true,
      "Writing Assistant": true,
      "Data Utility (Category)": true,
      "N8N Link": "https://nocodb.com",
      "RAG (Required)": true,
      "Vision (Req)": true,
      "Spech-To-Speech": true,
      "Video Input (Required)": true,
      "Audio (Required)": true,
      "TTS (Required)": true,
      "File Input (Req)": true,
      "Conversational": true,
      "Instructional": true,
      "Autonomous": true,
      "MCPs Used": "Sample Long text",
      "API Notes": "Sample Long text",
      "MCP Notes": "Sample Long text",
      "Local LLM Friendly?": true,
      "Local LLM Notes": "Sample Long text",
      "LLM Selection Notes": "Sample Long text",
      "Deep Research": true,
      "Update/Iteration": true,
      "Iteration Notes": "Sample Long text",
      "Use Case Outline": "Sample Long text",
      "PII Notes": "Sample Long text",
      "Cost Estimates": "Sample Long text",
      "Localtisation Notes": "Sample Long text",
      "Guardrails Notes": "Sample Long text"
    }
  ]